"","logFC","AveExpr","t","P.Value","adj.P.Val","B"
"TGFB2",1.08822858311966,5.09284303261404,3.53709154070124,0.000783214138729758,0.00254544595087171,-1.06199564495736
"CXCL14",1.51119699527778,8.02601033577193,3.1002572484197,0.00293352817119724,0.00810212542521143,-2.2887382238183
